"","loose","win","Outcome","HomeTeam","AwayTeam","HomeScores","AwayScores","Date","Month","Year","HomeHalfScores","HomeScrums","HomePenalties","AwayHalfScores","AwayScrums","AwayPenalties"
"1462",0.996,0.004,"loose","Cronulla","Canberra",4,36,2015-07-22,"7","2012",4,8,5,24,13,1
"1463",0,1,"win","Penrith","Sydney",28,16,2015-07-22,"7","2012",10,9,9,6,8,9
"1464",0,1,"win","North Queensland","Wests Tigers",29,16,2015-07-23,"7","2012",16,3,4,16,4,6
"1465",0,1,"win","St George Illawarra","Melbourne",26,18,2015-07-27,"7","2012",18,4,5,12,9,6
"1466",0.998,0.002,"loose","Sydney","Gold Coast Titans",16,36,2015-07-27,"7","2012",10,4,6,12,5,9
"1467",0,1,"win","Canterbury","North Queensland",32,18,2015-07-28,"7","2012",18,6,6,6,9,2
"1468",0.942,0.058,"loose","Cronulla","Penrith",20,21,2015-07-28,"7","2012",10,4,6,6,1,3
"1469",0.003,0.997,"win","Manly Warringah","Warriors",24,22,2015-07-28,"7","2012",6,4,7,18,8,5
"1470",1,0,"loose","Canberra","Newcastle",6,36,2015-07-29,"7","2012",0,6,4,12,8,5
"1471",0,1,"win","South Sydney","Wests Tigers",32,6,2015-07-29,"7","2012",20,2,6,0,5,6
"1472",0.999,0.001,"loose","Brisbane","Parramatta",22,42,2015-07-30,"7","2012",6,7,7,30,3,5
"1473",0,1,"win","Sydney","St George Illawarra",26,10,2015-08-03,"8","2012",12,7,4,0,6,4
"1474",0,1,"win","Melbourne","Penrith",46,6,2015-08-04,"8","2012",34,7,4,0,8,4
"1475",1,0,"loose","Newcastle","Canterbury",10,26,2015-08-04,"8","2012",4,5,7,24,6,3
"1476",0.246,0.754,"loose","North Queensland","Manly Warringah",6,8,2015-08-04,"8","2012",0,4,8,6,10,4
"1477",0,1,"win","Canberra","Brisbane",28,12,2015-08-05,"8","2012",4,3,8,6,7,5
"1478",0.994,0.006,"loose","Gold Coast Titans","South Sydney",18,22,2015-08-05,"8","2012",6,4,5,10,6,1
"1479",1,0,"loose","Warriors","Cronulla",4,45,2015-08-05,"8","2012",4,4,4,21,6,8
"1480",0.008,0.992,"win","Wests Tigers","Parramatta",51,26,2015-08-06,"8","2012",18,3,6,22,5,4
"1481",0,1,"win","Melbourne","Gold Coast Titans",24,16,2015-08-10,"8","2012",0,4,6,10,6,7
"1482",0.998,0.002,"loose","South Sydney","Manly Warringah",6,23,2015-08-10,"8","2012",6,13,5,9,6,2
"1483",0,1,"win","North Queensland","Warriors",52,12,2015-08-11,"8","2012",22,8,6,6,3,5
"1484",0.001,0.999,"win","Parramatta","Sydney",36,22,2015-08-11,"8","2012",18,7,6,10,4,5
"1485",0,1,"win","Wests Tigers","St George Illawarra",22,12,2015-08-11,"8","2012",4,9,4,8,3,6
"1486",0,1,"win","Canterbury","Brisbane",22,14,2015-08-12,"8","2012",6,7,5,14,5,5
"1487",0.997,0.003,"loose","Penrith","Canberra",10,20,2015-08-12,"8","2012",6,8,6,0,2,10
"1488",0,1,"win","Newcastle","Cronulla",26,4,2015-08-13,"8","2012",12,5,4,0,7,4
"1490",0.011,0.989,"win","Canterbury","Wests Tigers",23,22,2015-08-17,"8","2012",12,7,2,6,9,7
"1491",0.002,0.998,"win","Canberra","Sydney",24,20,2015-08-18,"8","2012",10,3,9,10,6,4
"1492",0,1,"win","Cronulla","South Sydney",20,7,2015-08-18,"8","2012",6,5,6,0,6,4
"1493",0,1,"win","Gold Coast Titans","Parramatta",24,16,2015-08-19,"8","2012",14,9,5,4,9,4
"1494",0,1,"win","Manly Warringah","Newcastle",42,20,2015-08-19,"8","2012",38,8,7,4,4,5
"1495",0.986,0.014,"loose","Warriors","Penrith",16,18,2015-08-19,"8","2012",10,12,3,6,11,5
"1496",1,0,"loose","St George Illawarra","North Queensland",22,32,2015-08-20,"8","2012",16,5,8,18,7,3
"1497",0.002,0.998,"win","Canberra","Canterbury",34,6,2015-08-24,"8","2012",24,9,7,6,4,6
"1498",0.027,0.973,"win","Manly Warringah","Brisbane",16,6,2015-08-24,"8","2012",16,8,5,0,8,2
"1499",0.001,0.999,"win","North Queensland","Newcastle",22,14,2015-08-25,"8","2012",18,7,5,14,4,3
"1500",0.007,0.993,"win","Penrith","Gold Coast Titans",36,22,2015-08-25,"8","2012",18,5,4,12,5,5
"1501",0,1,"win","St George Illawarra","Warriors",38,6,2015-08-25,"8","2012",12,5,5,6,5,1
"1502",0,1,"win","South Sydney","Parramatta",38,6,2015-08-26,"8","2012",14,8,8,6,5,3
"1503",0,1,"win","Sydney","Wests Tigers",44,20,2015-08-26,"8","2012",26,6,7,0,3,5
"1504",0.002,0.998,"win","Melbourne","Cronulla",20,18,2015-08-27,"8","2012",4,6,7,6,9,6
"1505",0.008,0.992,"win","Brisbane","Penrith",19,12,2015-08-31,"8","2012",0,10,3,6,5,4
"1506",0.978,0.022,"loose","Newcastle","South Sydney",6,18,2015-08-31,"8","2012",6,5,4,12,8,3
"1507",0,1,"win","Canterbury","Sydney",42,10,2015-09-01,"9","2012",18,5,4,10,4,6
"1508",1,0,"loose","Gold Coast Titans","Manly Warringah",16,24,2015-09-01,"9","2012",4,6,7,18,7,3
"1509",1,0,"loose","Wests Tigers","Melbourne",6,26,2015-09-01,"9","2012",6,5,8,10,7,4
"1510",1,0,"loose","Cronulla","North Queensland",22,36,2015-09-02,"9","2012",12,4,3,18,7,6
"1511",1,0,"loose","Parramatta","St George Illawarra",8,29,2015-09-02,"9","2012",6,5,6,8,10,4
"1512",0.992,0.008,"loose","Warriors","Canberra",22,42,2015-09-02,"9","2012",22,6,2,6,5,4
"1513",0.999,0.001,"loose","Sydney","South Sydney",10,28,2015-03-07,"3","2013",4,4,4,16,7,9
"1514",1,0,"loose","Brisbane","Manly Warringah",14,22,2015-03-08,"3","2013",14,4,8,6,7,4
"1515",1,0,"loose","Canterbury","North Queensland",12,24,2015-03-09,"3","2013",12,6,10,18,6,8
"1516",0,1,"win","Parramatta","Warriors",40,10,2015-03-09,"3","2013",18,5,9,0,6,6
"1517",0.14,0.86,"win","Cronulla","Gold Coast Titans",12,10,2015-03-10,"3","2013",6,8,5,0,9,4
"1518",0,1,"win","Melbourne","St George Illawarra",30,10,2015-03-10,"3","2013",18,5,7,0,7,5
"1519",0,1,"win","Penrith","Canberra",32,10,2015-03-10,"3","2013",12,10,7,6,7,6
"1520",0,1,"win","Newcastle","Wests Tigers",42,10,2015-03-11,"3","2013",24,5,10,6,1,6
"1521",0.999,0.001,"loose","Parramatta","Canterbury",16,20,2015-03-14,"3","2013",16,8,6,20,8,7
"1522",1,0,"loose","St George Illawarra","Brisbane",6,22,2015-03-15,"3","2013",6,7,8,6,4,6
"1523",1,0,"loose","North Queensland","Melbourne",10,32,2015-03-16,"3","2013",6,7,9,16,6,6
"1524",0.987,0.013,"loose","Warriors","Sydney",14,16,2015-03-16,"3","2013",0,7,8,6,7,6
"1525",0,1,"win","Gold Coast Titans","Canberra",36,0,2015-03-17,"3","2013",30,11,11,0,5,11
"1526",0,1,"win","Manly Warringah","Newcastle",32,0,2015-03-17,"3","2013",10,9,5,0,9,5
"1527",0,1,"win","Wests Tigers","Penrith",28,18,2015-03-17,"3","2013",12,6,8,6,6,9
"1528",0.058,0.942,"win","South Sydney","Cronulla",14,12,2015-03-18,"3","2013",14,9,5,6,4,11
"1529",0,1,"win","Melbourne","Canterbury",22,18,2015-03-21,"3","2013",10,6,7,0,7,6
"1530",0,1,"win","Wests Tigers","Parramatta",31,18,2015-03-22,"3","2013",18,5,5,0,8,5
"1531",0.082,0.918,"win","Gold Coast Titans","Manly Warringah",16,14,2015-03-23,"3","2013",2,10,6,0,4,6
"1532",0.018,0.982,"win","Sydney","Brisbane",8,0,2015-03-23,"3","2013",6,5,8,0,8,7
"1533",0,1,"win","Canberra","St George Illawarra",30,17,2015-03-24,"3","2013",6,8,6,5,6,3
"1534",0,1,"win","Cronulla","Warriors",28,4,2015-03-24,"3","2013",18,6,6,0,6,6
"1535",0.903,0.097,"loose","Penrith","South Sydney",32,44,2015-03-24,"3","2013",16,5,5,34,7,6
"1536",0,1,"win","Newcastle","North Queensland",34,6,2015-03-25,"3","2013",14,8,9,6,4,8
"1537",0,1,"win","Manly Warringah","Wests Tigers",26,0,2015-03-28,"3","2013",4,5,9,0,11,6
"1538",0.915,0.085,"loose","Brisbane","Melbourne",26,32,2015-03-29,"3","2013",6,1,6,20,4,7
"1539",0.963,0.037,"loose","Canterbury","South Sydney",12,17,2015-03-29,"3","2013",6,4,3,6,4,2
"1540",0.996,0.004,"loose","Cronulla","St George Illawarra",12,25,2015-03-30,"3","2013",6,8,4,12,4,2
"1541",0,1,"win","Newcastle","Canberra",28,12,2015-03-31,"3","2013",10,8,4,12,6,4
"1542",0.998,0.002,"loose","Penrith","Gold Coast Titans",10,28,2015-03-31,"3","2013",0,6,7,12,6,10
"1543",0,1,"win","Sydney","Parramatta",50,0,2015-04-01,"4","2013",22,7,6,0,3,5
"1544",0.001,0.999,"win","Warriors","North Queensland",20,18,2015-04-01,"4","2013",6,8,5,12,6,4
"1545",1,0,"loose","Canterbury","Manly Warringah",6,20,2015-04-05,"4","2013",0,9,7,18,4,4
"1546",1,0,"loose","Gold Coast Titans","Brisbane",12,32,2015-04-05,"4","2013",12,4,5,10,3,5
"1547",0,1,"win","North Queensland","Penrith",30,0,2015-04-06,"4","2013",24,10,10,0,12,7
"1548",0.023,0.977,"win","Parramatta","Cronulla",13,6,2015-04-06,"4","2013",10,7,5,6,9,6
"1549",0.022,0.978,"win","Canberra","Sydney",24,22,2015-04-07,"4","2013",0,10,6,16,10,2
"1550",0,1,"win","St George Illawarra","Newcastle",19,16,2015-04-07,"4","2013",9,7,6,0,7,4
"1551",0.987,0.013,"loose","Warriors","South Sydney",22,24,2015-04-07,"4","2013",6,7,4,18,6,1
"1552",0,1,"win","Melbourne","Wests Tigers",26,12,2015-04-08,"4","2013",6,8,14,6,5,7
"1553",0.06,0.94,"win","Brisbane","North Queensland",12,10,2015-04-12,"4","2013",8,7,4,4,2,4
"1554",0,1,"win","Sydney","Canterbury",38,0,2015-04-12,"4","2013",8,8,5,0,7,6
"1555",0.001,0.999,"win","Canberra","Warriors",20,16,2015-04-13,"4","2013",4,11,6,10,3,1
"1556",0.058,0.942,"win","Newcastle","Penrith",8,6,2015-04-13,"4","2013",8,4,6,0,10,4
"1557",0.984,0.016,"loose","South Sydney","Melbourne",10,17,2015-04-13,"4","2013",0,5,10,12,4,5
"1558",0.002,0.998,"win","Gold Coast Titans","Parramatta",28,22,2015-04-14,"4","2013",8,6,12,16,7,4
"1559",0,1,"win","Manly Warringah","Cronulla",25,18,2015-04-14,"4","2013",16,9,6,6,9,8
"1560",0.705,0.295,"loose","Wests Tigers","St George Illawarra",12,13,2015-04-14,"4","2013",0,5,7,4,4,8
"1561",0,1,"win","Melbourne","Warriors",28,18,2015-04-25,"4","2013",10,11,5,10,4,5
"1562",0,1,"win","Sydney","St George Illawarra",34,10,2015-04-25,"4","2013",22,3,10,4,2,11
"1563",0.997,0.003,"loose","Manly Warringah","South Sydney",12,20,2015-04-26,"4","2013",0,5,12,2,4,11
"1564",0,1,"win","North Queensland","Canberra",30,12,2015-04-27,"4","2013",16,8,8,6,5,4
"1565",1,0,"loose","Wests Tigers","Brisbane",10,20,2015-04-27,"4","2013",4,7,9,14,6,10
"1566",0.996,0.004,"loose","Cronulla","Canterbury",8,24,2015-04-28,"4","2013",2,5,9,12,11,6
"1567",1,0,"loose","Gold Coast Titans","Newcastle",6,30,2015-04-28,"4","2013",0,4,5,6,6,5
"1568",0,1,"win","Penrith","Parramatta",44,12,2015-04-29,"4","2013",20,7,9,12,6,5
"1569",0.999,0.001,"loose","Brisbane","South Sydney",12,26,2015-05-03,"5","2013",12,6,6,8,5,8
"1570",0,1,"win","Canterbury","Wests Tigers",40,4,2015-05-03,"5","2013",22,10,6,0,5,7
"1571",0.998,0.002,"loose","Melbourne","Canberra",20,24,2015-05-04,"5","2013",12,6,6,12,9,9
"1572",0.918,0.082,"loose","Parramatta","North Queensland",10,14,2015-05-04,"5","2013",4,2,10,8,7,8
"1573",0.954,0.046,"loose","Newcastle","Cronulla",20,21,2015-05-05,"5","2013",14,2,8,8,4,8
"1574",0,1,"win","Sydney","Penrith",30,6,2015-05-05,"5","2013",10,5,6,6,6,8
"1575",0.035,0.965,"win","Warriors","Gold Coast Titans",25,24,2015-05-05,"5","2013",16,5,7,6,12,7
"1576",1,0,"loose","St George Illawarra","Manly Warringah",18,24,2015-05-06,"5","2013",4,7,9,18,6,3
"1577",0,1,"win","South Sydney","North Queensland",28,10,2015-05-10,"5","2013",12,8,3,4,7,5
"1578",1,0,"loose","Wests Tigers","Cronulla",6,30,2015-05-10,"5","2013",6,5,6,6,2,8
"1579",0.005,0.995,"win","Parramatta","Brisbane",19,18,2015-05-11,"5","2013",11,4,9,8,6,8
"1580",1,0,"loose","Warriors","Canterbury",16,24,2015-05-11,"5","2013",16,6,8,6,5,8
"1581",0,1,"win","Canberra","Newcastle",44,14,2015-05-12,"5","2013",12,7,5,14,3,6
"1582",0.207,0.793,"win","Gold Coast Titans","St George Illawarra",15,14,2015-05-12,"5","2013",8,7,12,8,4,6
"1583",0.11,0.89,"win","Penrith","Melbourne",12,10,2015-05-12,"5","2013",12,7,5,0,9,3
"1584",0.98,0.02,"loose","Manly Warringah","Sydney",4,16,2015-05-13,"5","2013",0,13,9,8,7,9
"1585",0,1,"win","Brisbane","Gold Coast Titans",32,6,2015-05-17,"5","2013",24,5,13,0,1,7
"1586",0,1,"win","South Sydney","Wests Tigers",54,10,2015-05-17,"5","2013",38,7,5,4,2,5
"1587",0.899,0.101,"loose","North Queensland","Sydney",8,12,2015-05-18,"5","2013",4,6,9,6,7,3
"1588",0,1,"win","Penrith","Warriors",62,6,2015-05-18,"5","2013",26,6,9,0,3,5
"1589",0,1,"win","St George Illawarra","Parramatta",32,12,2015-05-18,"5","2013",20,8,8,0,8,7
"1590",0,1,"win","Cronulla","Canberra",30,20,2015-05-19,"5","2013",18,4,6,6,4,5
"1591",0,1,"win","Newcastle","Canterbury",44,8,2015-05-19,"5","2013",12,3,9,8,3,11
"1593",0,1,"win","Canterbury","Brisbane",24,14,2015-05-24,"5","2013",6,6,7,4,4,9
"1594",0.015,0.985,"win","Wests Tigers","North Queensland",22,20,2015-05-24,"5","2013",12,3,7,10,9,8
"1595",0.003,0.997,"win","Manly Warringah","Canberra",16,10,2015-05-25,"5","2013",8,7,5,10,8,8
"1596",0.969,0.031,"loose","St George Illawarra","Penrith",0,19,2015-05-25,"5","2013",0,6,6,18,6,6
"1597",1,0,"loose","Sydney","Melbourne",18,26,2015-05-25,"5","2013",12,8,6,18,5,7
"1598",0.997,0.003,"loose","Parramatta","Gold Coast Titans",4,42,2015-05-26,"5","2013",4,5,7,12,6,4
"1599",0,1,"win","Warriors","Newcastle",28,12,2015-05-26,"5","2013",10,5,7,12,8,7
"1600",0.1,0.9,"win","Cronulla","South Sydney",14,12,2015-05-27,"5","2013",12,7,11,6,7,3
"1601",0.062,0.938,"win","Canterbury","St George Illawarra",16,14,2015-05-31,"5","2013",12,9,4,8,6,7
"1602",0,1,"win","South Sydney","Newcastle",25,18,2015-06-01,"6","2013",12,3,8,12,6,5
"1603",0,1,"win","Gold Coast Titans","North Queensland",31,12,2015-06-02,"6","2013",19,3,8,4,7,15
"1604",1,0,"loose","Brisbane","Warriors",18,56,2015-06-03,"6","2013",8,3,5,26,3,6
"1605",0.968,0.032,"loose","Parramatta","Sydney",24,38,2015-06-07,"6","2013",12,6,10,24,4,6
"1606",0.924,0.076,"loose","Newcastle","St George Illawarra",8,14,2015-06-08,"6","2013",4,2,8,0,7,9
"1607",0.909,0.091,"loose","North Queensland","Canterbury",26,36,2015-06-08,"6","2013",12,6,6,12,7,8
"1608",0,1,"win","Melbourne","Cronulla",38,6,2015-06-09,"6","2013",28,7,5,0,3,4
"1609",0.986,0.014,"loose","Penrith","Wests Tigers",18,20,2015-06-09,"6","2013",18,7,6,8,3,4
"1610",0.001,0.999,"win","Warriors","Manly Warringah",18,16,2015-06-09,"6","2013",12,5,8,12,6,8
"1611",0,1,"win","Canberra","Brisbane",30,18,2015-06-10,"6","2013",24,4,3,6,6,9
"1612",0.39,0.61,"loose","Manly Warringah","Canterbury",30,32,2015-06-14,"6","2013",6,5,10,18,1,7
"1613",1,0,"loose","St George Illawarra","North Queensland",16,22,2015-06-14,"6","2013",10,8,6,16,7,4
"1614",0,1,"win","Canberra","Penrith",24,12,2015-06-15,"6","2013",18,3,5,6,5,11
"1615",0,1,"win","Cronulla","Parramatta",32,14,2015-06-15,"6","2013",6,3,9,14,3,7
"1616",0.068,0.932,"win","Melbourne","Newcastle",16,14,2015-06-16,"6","2013",10,7,3,14,5,3
"1617",0.003,0.997,"win","South Sydney","Gold Coast Titans",30,24,2015-06-16,"6","2013",18,9,6,18,8,6
"1618",0.997,0.003,"loose","Sydney","Warriors",12,23,2015-06-16,"6","2013",12,4,4,10,3,6
"1619",0,1,"win","Brisbane","Wests Tigers",32,12,2015-06-17,"6","2013",16,5,10,6,1,5
"1620",0.983,0.017,"loose","Canterbury","Sydney",18,20,2015-06-21,"6","2013",6,11,8,10,4,5
"1621",0,1,"win","Wests Tigers","Canberra",17,12,2015-06-22,"6","2013",4,7,6,6,6,8
"1622",0.999,0.001,"loose","Parramatta","South Sydney",10,30,2015-06-23,"6","2013",4,7,6,12,5,13
"1623",0,1,"win","Gold Coast Titans","Melbourne",18,12,2015-06-24,"6","2013",6,5,6,6,8,2
"1624",0,1,"win","South Sydney","Canberra",32,2,2015-06-28,"6","2013",16,6,4,2,7,6
"1625",0.001,0.999,"win","Penrith","St George Illawarra",25,10,2015-06-29,"6","2013",7,5,4,6,7,1
"1626",0,1,"win","Wests Tigers","Melbourne",22,4,2015-06-29,"6","2013",10,6,5,4,13,6
"1627",0,1,"win","Newcastle","Gold Coast Titans",46,16,2015-06-30,"6","2013",36,10,4,0,9,5
"1628",0,1,"win","North Queensland","Cronulla",24,4,2015-06-30,"6","2013",4,7,7,4,3,7
"1629",0.001,0.999,"win","Warriors","Brisbane",18,16,2015-06-30,"6","2013",12,4,3,10,4,5
"1630",0,1,"win","Sydney","Manly Warringah",18,12,2015-07-01,"7","2013",8,5,9,0,8,8
"1631",0.003,0.997,"win","Cronulla","Wests Tigers",36,22,2015-07-05,"7","2013",24,10,7,0,4,4
"1632",0,1,"win","Melbourne","Brisbane",32,0,2015-07-05,"7","2013",12,5,4,0,5,6
"1633",1,0,"loose","Gold Coast Titans","Penrith",18,40,2015-07-06,"7","2013",12,9,6,12,7,5
"1634",1,0,"loose","St George Illawarra","Sydney",0,36,2015-07-06,"7","2013",0,3,10,18,8,3
"1635",0,1,"win","Canberra","North Queensland",26,18,2015-07-07,"7","2013",18,7,5,0,7,8
"1636",0.959,0.041,"loose","Canterbury","Newcastle",12,18,2015-07-07,"7","2013",8,7,3,8,3,4
"1637",0,1,"win","South Sydney","Warriors",30,13,2015-07-07,"7","2013",6,6,4,13,5,5
"1638",0,1,"win","Manly Warringah","Parramatta",50,10,2015-07-08,"7","2013",20,3,5,6,5,4
"1639",0.98,0.02,"loose","Brisbane","Cronulla",18,19,2015-07-12,"7","2013",0,5,7,0,3,4
"1640",0.97,0.03,"loose","Parramatta","Penrith",10,17,2015-07-13,"7","2013",10,6,4,12,10,5
"1641",0,1,"win","Canterbury","Melbourne",39,0,2015-07-14,"7","2013",12,5,2,0,9,4
"1642",1,0,"loose","North Queensland","Manly Warringah",14,34,2015-07-15,"7","2013",8,5,6,12,5,5
"1643",1,0,"loose","Wests Tigers","Warriors",14,24,2015-07-19,"7","2013",14,4,7,6,8,4
"1644",0,1,"win","Canberra","Parramatta",14,0,2015-07-20,"7","2013",12,8,8,0,10,3
"1645",0,1,"win","Sydney","Cronulla",40,0,2015-07-20,"7","2013",28,6,5,0,8,8
"1646",0,1,"win","Manly Warringah","Gold Coast Titans",38,20,2015-07-21,"7","2013",24,4,7,10,7,3
"1647",1,0,"loose","Penrith","Newcastle",14,32,2015-07-21,"7","2013",8,4,7,10,5,8
"1648",0.995,0.005,"loose","South Sydney","St George Illawarra",18,22,2015-07-22,"7","2013",6,7,4,0,5,8
"1649",0,1,"win","Canterbury","Parramatta",40,12,2015-07-26,"7","2013",22,6,6,0,9,6
"1650",0.992,0.008,"loose","North Queensland","Brisbane",16,18,2015-07-26,"7","2013",4,9,8,12,7,6
"1651",0.999,0.001,"loose","Gold Coast Titans","South Sydney",4,32,2015-07-27,"7","2013",0,4,8,14,6,4
"1652",0.998,0.002,"loose","St George Illawarra","Canberra",18,22,2015-07-27,"7","2013",6,6,11,10,5,7
"1653",0,1,"win","Cronulla","Penrith",38,10,2015-07-28,"7","2013",20,7,11,0,6,7
"1654",0.999,0.001,"loose","Newcastle","Sydney",12,28,2015-07-28,"7","2013",6,1,14,12,8,9
"1655",0,1,"win","Warriors","Melbourne",30,22,2015-07-28,"7","2013",18,5,4,4,6,6
"1656",1,0,"loose","Wests Tigers","Manly Warringah",18,36,2015-07-29,"7","2013",6,3,11,16,4,7
"1658",1,0,"loose","Penrith","Sydney",6,42,2015-08-02,"8","2013",6,8,9,12,9,7
"1659",0,1,"win","North Queensland","South Sydney",30,12,2015-08-03,"8","2013",12,5,7,0,7,6
"1660",1,0,"loose","Parramatta","Manly Warringah",6,40,2015-08-03,"8","2013",0,5,10,16,8,8
"1661",0.984,0.016,"loose","Warriors","Cronulla",14,18,2015-08-03,"8","2013",4,7,10,10,5,6
"1662",1,0,"loose","Canberra","Melbourne",4,68,2015-08-04,"8","2013",4,3,7,32,6,7
"1663",0,1,"win","Gold Coast Titans","Wests Tigers",36,6,2015-08-04,"8","2013",24,8,8,6,3,4
"1664",0.997,0.003,"loose","St George Illawarra","Canterbury",20,39,2015-08-05,"8","2013",10,3,12,8,8,9
"1665",0,1,"win","Melbourne","South Sydney",26,8,2015-08-09,"8","2013",14,6,6,6,8,5
"1666",0.001,0.999,"win","Parramatta","Wests Tigers",26,22,2015-08-09,"8","2013",14,6,5,10,3,5
"1667",0.984,0.016,"loose","Cronulla","Newcastle",14,18,2015-08-10,"8","2013",6,9,7,8,6,3
"1668",0.001,0.999,"win","Sydney","Canberra",28,22,2015-08-10,"8","2013",16,6,6,10,8,11
"1669",0.014,0.986,"win","Brisbane","St George Illawarra",26,24,2015-08-11,"8","2013",8,7,6,6,4,9
"1670",0,1,"win","Manly Warringah","Warriors",27,12,2015-08-11,"8","2013",10,7,7,6,7,4
"1671",1,0,"loose","Penrith","North Queensland",4,36,2015-08-11,"8","2013",4,4,6,12,3,5
"1672",0.998,0.002,"loose","Canterbury","Gold Coast Titans",16,26,2015-08-12,"8","2013",6,1,12,12,4,11
"1673",0,1,"win","Brisbane","Parramatta",22,12,2015-08-16,"8","2013",16,7,8,6,7,9
"1674",0.001,0.999,"win","South Sydney","Manly Warringah",22,10,2015-08-16,"8","2013",6,10,10,10,6,5
"1675",1,0,"loose","Canberra","Canterbury",16,28,2015-08-17,"8","2013",6,6,9,26,6,7
"1676",0.001,0.999,"win","North Queensland","Gold Coast Titans",22,10,2015-08-17,"8","2013",12,5,5,4,12,7
"1677",0.998,0.002,"loose","St George Illawarra","Cronulla",18,22,2015-08-17,"8","2013",18,7,7,6,5,6
"1678",0.998,0.002,"loose","Newcastle","Melbourne",10,23,2015-08-18,"8","2013",8,3,10,4,8,4
"1679",0.964,0.036,"loose","Warriors","Penrith",24,28,2015-08-18,"8","2013",12,6,8,16,7,7
"1680",1,0,"loose","Wests Tigers","Sydney",14,56,2015-08-19,"8","2013",6,6,11,14,4,7
"1681",0,1,"win","Penrith","Brisbane",28,12,2015-08-23,"8","2013",12,4,10,12,3,7
"1682",0.002,0.998,"win","South Sydney","Canterbury",28,20,2015-08-23,"8","2013",14,6,8,6,4,6
"1683",0.981,0.019,"loose","Gold Coast Titans","Warriors",22,24,2015-08-24,"8","2013",16,5,8,10,2,8
"1684",0,1,"win","North Queensland","Newcastle",26,6,2015-08-24,"8","2013",14,4,4,0,5,4
"1685",0.999,0.001,"loose","St George Illawarra","Wests Tigers",18,34,2015-08-24,"8","2013",6,3,10,22,7,6
"1686",0.993,0.007,"loose","Canberra","Manly Warringah",22,36,2015-08-25,"8","2013",6,10,9,24,7,4
"1687",0,1,"win","Melbourne","Parramatta",64,4,2015-08-25,"8","2013",16,3,10,4,8,6
"1688",0.001,0.999,"win","Cronulla","Sydney",32,22,2015-08-26,"8","2013",26,6,10,0,3,11
"1689",0.999,0.001,"loose","Brisbane","Newcastle",18,26,2015-08-30,"8","2013",14,8,8,6,3,8
"1690",0.999,0.001,"loose","Wests Tigers","South Sydney",18,32,2015-08-30,"8","2013",18,3,3,12,6,8
"1691",0,1,"win","Canterbury","Penrith",34,14,2015-08-31,"8","2013",12,9,4,14,9,6
"1692",0,1,"win","Manly Warringah","Melbourne",28,8,2015-08-31,"8","2013",20,8,7,4,4,9
"1693",0,1,"win","Warriors","Canberra",50,16,2015-08-31,"8","2013",20,2,5,12,8,3
"1694",0.996,0.004,"loose","Cronulla","North Queensland",18,31,2015-09-01,"9","2013",12,5,6,12,5,7
"1695",0.988,0.012,"loose","Sydney","Gold Coast Titans",22,30,2015-09-01,"9","2013",10,6,6,12,8,4
"1696",0.005,0.995,"win","Parramatta","St George Illawarra",26,22,2015-09-02,"9","2013",16,8,5,12,10,6
"1697",0.016,0.984,"win","Brisbane","Canterbury",16,11,2015-09-05,"9","2013",4,10,7,6,9,3
"1698",1,0,"loose","South Sydney","Sydney",12,24,2015-09-06,"9","2013",12,10,11,10,6,5
"1699",0.026,0.974,"win","Melbourne","Gold Coast Titans",23,22,2015-09-07,"9","2013",12,6,7,16,3,10
"1700",0.002,0.998,"win","North Queensland","Wests Tigers",50,22,2015-09-07,"9","2013",22,5,8,10,6,4
"1701",0.008,0.992,"win","St George Illawarra","Warriors",19,10,2015-09-07,"9","2013",6,11,4,4,6,4
"1702",1,0,"loose","Canberra","Cronulla",18,38,2015-09-08,"9","2013",12,6,6,14,3,13
"1703",0.9,0.1,"loose","Manly Warringah","Penrith",26,38,2015-09-08,"9","2013",16,5,4,12,8,8
"1704",0,1,"win","Newcastle","Parramatta",54,6,2015-09-08,"9","2013",22,3,6,0,6,4
"1705",0,1,"win","South Sydney","Sydney",28,8,2015-03-06,"3","2014",6,8,12,6,8,6
"1706",0.981,0.019,"loose","Canterbury","Brisbane",12,18,2015-03-07,"3","2014",6,2,8,14,6,9
"1707",0.865,0.135,"loose","Manly Warringah","Melbourne",22,23,2015-03-08,"3","2014",20,3,9,4,6,10
"1708",0.086,0.914,"win","North Queensland","Canberra",28,22,2015-03-08,"3","2014",10,5,4,16,6,7
"1709",0,1,"win","Penrith","Newcastle",30,8,2015-03-08,"3","2014",6,12,4,8,7,5
"1710",0,1,"win","Parramatta","Warriors",36,16,2015-03-09,"3","2014",14,7,9,12,7,9
"1711",0.098,0.902,"win","St George Illawarra","Wests Tigers",44,24,2015-03-09,"3","2014",20,11,6,18,6,4
"1712",0.982,0.018,"loose","Cronulla","Gold Coast Titans",12,18,2015-03-10,"3","2014",6,7,7,10,4,10
"1713",0.011,0.989,"win","Brisbane","North Queensland",16,12,2015-03-14,"3","2014",10,8,4,6,6,8
"1714",0.029,0.971,"win","Manly Warringah","South Sydney",14,12,2015-03-14,"3","2014",6,7,6,4,9,8
"1715",0.071,0.929,"win","Melbourne","Penrith",18,17,2015-03-15,"3","2014",14,6,11,10,3,10
"1716",0,1,"win","Sydney","Parramatta",56,4,2015-03-15,"3","2014",16,3,11,4,3,5
"1717",1,0,"loose","Warriors","St George Illawarra",12,31,2015-03-15,"3","2014",12,7,7,6,8,7
"1718",1,0,"loose","Gold Coast Titans","Wests Tigers",12,42,2015-03-16,"3","2014",6,9,7,22,9,8
"1719",0.999,0.001,"loose","Newcastle","Canberra",20,26,2015-03-16,"3","2014",10,4,4,10,6,8
"1720",0,1,"win","Canterbury","Cronulla",42,4,2015-03-17,"3","2014",24,7,8,0,7,9
"1721",0.938,0.062,"loose","Brisbane","Sydney",26,30,2015-03-21,"3","2014",12,5,10,12,5,3
"1722",0,1,"win","Wests Tigers","South Sydney",25,16,2015-03-21,"3","2014",14,8,10,6,4,11
"1723",0.729,0.271,"loose","Cronulla","St George Illawarra",12,14,2015-03-22,"3","2014",6,10,6,14,9,6
"1724",0.973,0.027,"loose","North Queensland","Warriors",16,20,2015-03-22,"3","2014",6,4,9,8,8,6
"1725",0.001,0.999,"win","Penrith","Canterbury",18,16,2015-03-22,"3","2014",10,8,8,6,10,3
"1726",0.999,0.001,"loose","Canberra","Gold Coast Titans",12,24,2015-03-23,"3","2014",12,7,15,6,4,8
"1727",0.001,0.999,"win","Manly Warringah","Parramatta",22,18,2015-03-23,"3","2014",10,7,10,0,9,4
"1728",0,1,"win","Melbourne","Newcastle",28,20,2015-03-24,"3","2014",18,3,15,10,8,7
"1729",1,0,"loose","St George Illawarra","Brisbane",20,36,2015-03-28,"3","2014",10,6,6,18,2,3
"1730",0.594,0.406,"loose","Sydney","Manly Warringah",0,8,2015-03-28,"3","2014",0,8,2,6,9,11
"1731",0,1,"win","Canterbury","Melbourne",40,12,2015-03-29,"3","2014",12,4,7,10,6,7
"1732",0,1,"win","Parramatta","Penrith",32,16,2015-03-29,"3","2014",12,6,7,10,6,8
"1733",0,1,"win","Warriors","Wests Tigers",42,18,2015-03-29,"3","2014",14,6,6,12,7,5
"1734",0,1,"win","Newcastle","Cronulla",30,0,2015-03-30,"3","2014",26,11,7,0,5,6
"1735",1,0,"loose","South Sydney","Canberra",18,30,2015-03-30,"3","2014",0,4,10,22,5,10
"1736",0.021,0.979,"win","Gold Coast Titans","North Queensland",13,12,2015-03-31,"3","2014",0,12,7,6,5,9
"1737",1,0,"loose","Brisbane","Parramatta",18,25,2015-04-04,"4","2014",6,9,8,16,6,6
"1738",0.198,0.802,"loose","Sydney","Canterbury",8,9,2015-04-04,"4","2014",8,3,7,8,8,6
"1739",0,1,"win","Cronulla","Warriors",37,6,2015-04-05,"4","2014",16,4,8,0,6,5
"1740",0.026,0.974,"win","Penrith","Canberra",12,6,2015-04-05,"4","2014",8,6,5,0,15,7
"1741",0.999,0.001,"loose","St George Illawarra","South Sydney",6,26,2015-04-05,"4","2014",0,6,6,14,7,11
"1742",0.763,0.237,"loose","Melbourne","Gold Coast Titans",26,28,2015-04-06,"4","2014",12,7,8,14,4,8
"1743",0,1,"win","Wests Tigers","Manly Warringah",34,18,2015-04-06,"4","2014",26,8,9,6,6,11
"1744",0,1,"win","North Queensland","Newcastle",28,2,2015-04-07,"4","2014",16,10,8,2,9,9
"1745",0.001,0.999,"win","Gold Coast Titans","Brisbane",12,8,2015-04-11,"4","2014",0,8,6,6,6,6
"1746",0.975,0.025,"loose","Penrith","South Sydney",2,18,2015-04-11,"4","2014",2,6,11,2,9,9
"1747",0.999,0.001,"loose","Canberra","Newcastle",12,26,2015-04-12,"4","2014",12,9,10,12,3,6
"1748",0.122,0.878,"win","Parramatta","Sydney",14,12,2015-04-12,"4","2014",10,8,8,12,5,4
"1749",0.002,0.998,"win","Wests Tigers","North Queensland",16,4,2015-04-12,"4","2014",6,7,8,4,6,8
"1750",0,1,"win","Manly Warringah","Cronulla",24,4,2015-04-13,"4","2014",20,14,4,0,14,7
"1751",0.954,0.046,"loose","Warriors","Canterbury",20,21,2015-04-13,"4","2014",10,6,6,6,10,4
"1752",0.001,0.999,"win","Melbourne","St George Illawarra",28,24,2015-04-14,"4","2014",10,8,8,12,8,7
"1753",0,1,"win","Manly Warringah","North Queensland",26,21,2015-04-18,"4","2014",6,6,4,14,3,3
"1754",1,0,"loose","Newcastle","Brisbane",6,32,2015-04-18,"4","2014",6,4,8,16,2,4
"1755",0.968,0.032,"loose","South Sydney","Canterbury",14,15,2015-04-18,"4","2014",8,3,9,0,7,7
"1756",0.995,0.005,"loose","Cronulla","Sydney",18,24,2015-04-19,"4","2014",6,4,6,12,4,2
"1757",0,1,"win","St George Illawarra","Warriors",20,10,2015-04-19,"4","2014",12,6,9,0,6,5
"1758",0.004,0.996,"win","Canberra","Melbourne",24,22,2015-04-20,"4","2014",12,9,6,16,6,7
"1759",0.998,0.002,"loose","Parramatta","Wests Tigers",18,21,2015-04-21,"4","2014",8,8,4,6,6,7
"1760",0.035,0.965,"win","Penrith","Gold Coast Titans",14,12,2015-04-21,"4","2014",12,4,10,6,2,11
"1761",0.776,0.224,"loose","Brisbane","South Sydney",26,28,2015-04-25,"4","2014",16,5,5,14,4,5
"1762",0.921,0.079,"loose","Melbourne","Warriors",10,16,2015-04-25,"4","2014",6,5,4,12,2,5
"1763",1,0,"loose","St George Illawarra","Sydney",14,34,2015-04-25,"4","2014",8,6,6,18,5,5
"1764",0.016,0.984,"win","Canterbury","Newcastle",16,12,2015-04-26,"4","2014",10,6,4,4,7,5
"1765",0.002,0.998,"win","Cronulla","Penrith",24,20,2015-04-26,"4","2014",10,5,7,12,9,4
"1766",0,1,"win","North Queensland","Parramatta",42,14,2015-04-26,"4","2014",18,10,5,14,5,5
"1767",0,1,"win","Manly Warringah","Canberra",54,18,2015-04-27,"4","2014",42,8,6,4,4,1
"1768",0.998,0.002,"loose","Wests Tigers","Gold Coast Titans",6,22,2015-04-27,"4","2014",0,3,8,16,7,10
"1769",0.001,0.999,"win","North Queensland","Brisbane",27,14,2015-05-09,"5","2014",14,8,3,0,4,1
"1770",0,1,"win","Sydney","Wests Tigers",30,6,2015-05-09,"5","2014",14,9,7,0,7,4
"1771",0.999,0.001,"loose","Gold Coast Titans","South Sydney",18,40,2015-05-10,"5","2014",12,5,8,22,7,6
"1772",0.003,0.997,"win","Melbourne","Manly Warringah",22,19,2015-05-10,"5","2014",4,2,4,5,4,7
"1773",0,1,"win","Warriors","Canberra",54,12,2015-05-10,"5","2014",24,11,3,6,10,4
"1774",1,0,"loose","Newcastle","Penrith",10,32,2015-05-11,"5","2014",10,7,5,16,6,6
"1775",1,0,"loose","St George Illawarra","Canterbury",6,38,2015-05-11,"5","2014",0,4,8,22,3,6
"1776",0.007,0.993,"win","Parramatta","Cronulla",42,24,2015-05-12,"5","2014",22,6,2,12,7,5
"1777",0,1,"win","Brisbane","Gold Coast Titans",22,8,2015-05-16,"5","2014",4,4,8,8,4,7
"1778",0.999,0.001,"loose","South Sydney","Melbourne",14,27,2015-05-16,"5","2014",4,6,9,20,3,6
"1779",0.982,0.018,"loose","Cronulla","Wests Tigers",20,22,2015-05-17,"5","2014",8,7,10,10,4,10
"1780",0,1,"win","North Queensland","Sydney",42,10,2015-05-17,"5","2014",30,6,8,6,3,3
"1781",0,1,"win","Parramatta","St George Illawarra",36,0,2015-05-17,"5","2014",12,11,8,0,8,6
"1782",0.999,0.001,"loose","Canberra","Penrith",20,26,2015-05-18,"5","2014",16,9,7,14,9,5
"1783",0.016,0.984,"win","Canterbury","Warriors",16,12,2015-05-18,"5","2014",4,8,7,6,4,6
"1784",0.137,0.863,"win","Manly Warringah","Newcastle",15,14,2015-05-19,"5","2014",0,9,3,6,5,4
"1785",1,0,"loose","Canterbury","Sydney",12,32,2015-05-23,"5","2014",8,4,12,10,3,6
"1786",1,0,"loose","Gold Coast Titans","Warriors",16,24,2015-05-24,"5","2014",16,7,8,14,10,7
"1787",0.985,0.015,"loose","Wests Tigers","Brisbane",14,16,2015-05-24,"5","2014",0,9,4,6,6,8
"1788",0,1,"win","Canberra","North Queensland",42,12,2015-05-25,"5","2014",18,7,9,6,5,5
"1789",0.98,0.02,"loose","Cronulla","South Sydney",0,18,2015-05-26,"5","2014",0,10,5,8,8,5
"1790",0,1,"win","Penrith","Parramatta",38,12,2015-05-30,"5","2014",18,7,5,0,4,5
"1791",0,1,"win","North Queensland","Melbourne",22,0,2015-05-31,"5","2014",16,8,7,0,3,4
"1792",0,1,"win","Sydney","Canberra",26,12,2015-05-31,"5","2014",18,9,6,0,7,6
"1793",0.001,0.999,"win","Brisbane","Manly Warringah",36,10,2015-06-01,"6","2014",20,4,7,4,7,3
"1794",0,1,"win","Warriors","Newcastle",38,18,2015-06-01,"6","2014",22,6,1,12,7,3
"1795",0,1,"win","South Sydney","St George Illawarra",29,10,2015-06-02,"6","2014",18,7,7,4,7,2
"1796",0,1,"win","Manly Warringah","Canterbury",32,10,2015-06-06,"6","2014",18,6,4,6,4,4
"1797",0.003,0.997,"win","Parramatta","North Queensland",18,16,2015-06-06,"6","2014",14,8,3,6,7,5
"1798",1,0,"loose","Gold Coast Titans","Penrith",14,36,2015-06-07,"6","2014",8,9,6,14,5,8
"1799",0,1,"win","St George Illawarra","Cronulla",30,0,2015-06-07,"6","2014",18,7,5,0,7,2
"1800",0,1,"win","South Sydney","Warriors",34,18,2015-06-07,"6","2014",6,7,8,10,3,6
"1801",1,0,"loose","Melbourne","Sydney",12,32,2015-06-08,"6","2014",0,5,8,16,6,6
"1802",0.99,0.01,"loose","Newcastle","Wests Tigers",20,23,2015-06-08,"6","2014",10,4,8,8,1,9
"1803",1,0,"loose","Canberra","Brisbane",4,28,2015-06-09,"6","2014",0,9,7,12,7,4
"1804",0,1,"win","South Sydney","Wests Tigers",32,10,2015-06-13,"6","2014",12,11,9,0,7,5
"1805",0,1,"win","Penrith","St George Illawarra",18,14,2015-06-14,"6","2014",12,5,4,4,7,7
"1806",0,1,"win","Sydney","Newcastle",29,12,2015-06-14,"6","2014",6,7,3,12,7,4
"1807",1,0,"loose","Canterbury","Parramatta",12,22,2015-06-15,"6","2014",0,8,9,10,5,6
"1808",0.999,0.001,"loose","Gold Coast Titans","Melbourne",20,24,2015-06-16,"6","2014",10,6,8,10,4,5
"1809",1,0,"loose","Canberra","Canterbury",14,22,2015-06-20,"6","2014",8,10,5,14,10,5
"1810",0.996,0.004,"loose","Cronulla","Manly Warringah",0,26,2015-06-21,"6","2014",0,6,6,16,11,6
"1811",0,1,"win","Warriors","Brisbane",19,10,2015-06-21,"6","2014",13,3,6,6,6,4
"1812",0.98,0.02,"loose","Gold Coast Titans","St George Illawarra",18,19,2015-06-22,"6","2014",12,8,3,12,6,4
"1813",0,1,"win","Melbourne","Parramatta",46,20,2015-06-22,"6","2014",18,4,8,10,6,7
"1814",0.053,0.947,"win","Newcastle","North Queensland",36,28,2015-06-23,"6","2014",16,5,7,6,4,7
"1815",0.989,0.011,"loose","Brisbane","Cronulla",22,24,2015-06-27,"6","2014",16,4,2,0,5,1
"1816",0,1,"win","Manly Warringah","Sydney",24,16,2015-06-27,"6","2014",12,2,7,12,5,3
"1817",0.006,0.994,"win","North Queensland","South Sydney",20,18,2015-06-28,"6","2014",20,2,8,6,5,7
"1818",0.008,0.992,"win","Wests Tigers","Canberra",19,18,2015-06-28,"6","2014",18,7,3,12,8,5
"1819",0.985,0.015,"loose","Parramatta","Newcastle",10,16,2015-06-29,"6","2014",6,8,5,16,6,7
"1820",0.002,0.998,"win","Warriors","Penrith",30,20,2015-06-29,"6","2014",12,3,11,16,3,6
"1821",0,1,"win","St George Illawarra","Melbourne",24,12,2015-06-30,"6","2014",10,3,3,6,6,3
"1822",0,1,"win","Canterbury","Manly Warringah",23,16,2015-07-04,"7","2014",12,7,5,6,3,6
"1823",0.008,0.992,"win","St George Illawarra","North Queensland",27,24,2015-07-05,"7","2014",14,4,3,10,3,4
"1825",1,0,"loose","Wests Tigers","Penrith",10,26,2015-07-06,"7","2014",0,8,6,12,11,5
"1826",0.955,0.045,"loose","South Sydney","Gold Coast Titans",10,14,2015-07-07,"7","2014",8,6,13,4,7,10
"1827",0,1,"win","Manly Warringah","Wests Tigers",40,8,2015-07-11,"7","2014",22,8,6,0,4,10
"1828",0.61,0.39,"loose","Melbourne","Canterbury",4,6,2015-07-12,"7","2014",4,5,9,0,4,10
"1829",0,1,"win","Warriors","Parramatta",48,0,2015-07-12,"7","2014",36,4,8,0,6,6
"1830",0.995,0.005,"loose","Cronulla","Newcastle",18,31,2015-07-13,"7","2014",18,5,7,6,3,5
"1831",0.997,0.003,"loose","Gold Coast Titans","Canberra",20,36,2015-07-13,"7","2014",10,6,6,20,6,7
"1832",0.296,0.704,"win","Penrith","Brisbane",35,34,2015-07-14,"7","2014",18,4,6,18,2,8
"1833",0.996,0.004,"loose","Cronulla","North Queensland",18,36,2015-07-18,"7","2014",12,6,11,16,4,8
"1834",0.999,0.001,"loose","Parramatta","South Sydney",12,32,2015-07-18,"7","2014",6,2,8,10,4,9
"1835",0.001,0.999,"win","Brisbane","Warriors",28,22,2015-07-19,"7","2014",16,6,4,12,3,7
"1836",0,1,"win","Melbourne","Canberra",28,14,2015-07-19,"7","2014",14,5,3,10,5,7
"1837",0,1,"win","Sydney","Penrith",32,12,2015-07-19,"7","2014",18,6,6,0,3,9
"1838",0.998,0.002,"loose","Newcastle","Gold Coast Titans",8,22,2015-07-20,"7","2014",0,5,8,12,13,3
"1839",0,1,"win","Wests Tigers","Canterbury",46,18,2015-07-20,"7","2014",16,6,8,18,1,4
"1840",1,0,"loose","St George Illawarra","Manly Warringah",12,21,2015-07-21,"7","2014",8,4,9,10,7,7
"1841",1,0,"loose","Brisbane","Melbourne",8,30,2015-07-25,"7","2014",4,5,8,12,6,5
"1842",0.05,0.95,"win","Newcastle","Sydney",16,12,2015-07-25,"7","2014",0,4,8,6,4,4
"1843",0.999,0.001,"loose","Canterbury","North Queensland",12,20,2015-07-26,"7","2014",6,5,8,12,6,4
"1844",0.999,0.001,"loose","Gold Coast Titans","Parramatta",18,24,2015-07-26,"7","2014",8,8,4,6,7,5
"1845",0.993,0.007,"loose","Penrith","Cronulla",16,18,2015-07-26,"7","2014",10,4,5,14,5,5
"1846",0.999,0.001,"loose","Warriors","Manly Warringah",12,22,2015-07-27,"7","2014",6,6,7,10,7,6
"1847",1,0,"loose","Wests Tigers","St George Illawarra",12,28,2015-07-27,"7","2014",0,7,6,22,7,5
"1848",0.999,0.001,"loose","Canberra","South Sydney",18,34,2015-07-28,"7","2014",2,4,7,12,8,7
"1849",1,0,"loose","Canterbury","Penrith",16,22,2015-08-01,"8","2014",0,7,9,6,11,5
"1850",0.01,0.99,"win","Manly Warringah","Brisbane",16,4,2015-08-01,"8","2014",4,9,8,4,4,8
"1851",0.996,0.004,"loose","Cronulla","Parramatta",12,32,2015-08-02,"8","2014",6,3,9,10,8,6
"1852",0,1,"win","North Queensland","Gold Coast Titans",28,8,2015-08-02,"8","2014",12,4,11,8,4,9
"1853",0,1,"win","Sydney","St George Illawarra",30,22,2015-08-02,"8","2014",12,3,3,10,6,7
"1854",1,0,"loose","Canberra","Warriors",18,54,2015-08-03,"8","2014",0,5,3,28,9,4
"1855",0,1,"win","South Sydney","Newcastle",50,10,2015-08-03,"8","2014",26,1,5,0,7,6
"1856",0.999,0.001,"loose","Wests Tigers","Melbourne",6,28,2015-08-04,"8","2014",6,5,12,18,10,8
"1857",0.001,0.999,"win","Brisbane","Canterbury",41,10,2015-08-08,"8","2014",20,5,12,6,3,6
"1858",0,1,"win","South Sydney","Manly Warringah",23,4,2015-08-08,"8","2014",12,3,7,4,8,5
"1859",0.088,0.912,"win","Newcastle","Melbourne",32,30,2015-08-09,"8","2014",10,3,11,16,5,3
"1860",0,1,"win","North Queensland","Wests Tigers",64,6,2015-08-09,"8","2014",32,6,6,0,6,5
"1861",0,1,"win","Parramatta","Canberra",18,10,2015-08-09,"8","2014",6,9,10,10,8,8
"1862",0.982,0.018,"loose","St George Illawarra","Penrith",4,16,2015-08-10,"8","2014",4,9,8,6,9,6
"1863",0.003,0.997,"win","Warriors","Cronulla",16,12,2015-08-10,"8","2014",16,5,8,6,5,4
"1864",0,1,"win","Sydney","Gold Coast Titans",26,18,2015-08-11,"8","2014",16,7,7,18,6,3
"1865",0,1,"win","South Sydney","Brisbane",42,16,2015-08-14,"8","2014",24,2,3,6,7,2
"1866",0.985,0.015,"loose","Parramatta","Canterbury",16,18,2015-08-15,"8","2014",10,3,4,18,7,5
"1867",1,0,"loose","Canberra","St George Illawarra",16,34,2015-08-16,"8","2014",12,3,2,10,10,5
"1868",0,1,"win","Melbourne","Cronulla",48,6,2015-08-16,"8","2014",30,2,7,0,7,9
"1869",1,0,"loose","Wests Tigers","Sydney",4,48,2015-08-16,"8","2014",0,4,4,8,3,5
"1870",0.976,0.024,"loose","Gold Coast Titans","Manly Warringah",12,15,2015-08-17,"8","2014",6,9,10,6,6,4
"1871",0.005,0.995,"win","Newcastle","Warriors",28,22,2015-08-17,"8","2014",14,8,9,10,5,5
"1872",0.01,0.99,"win","Penrith","North Queensland",23,22,2015-08-18,"8","2014",16,6,6,12,5,5
"1873",0,1,"win","Canterbury","Wests Tigers",30,10,2015-08-21,"8","2014",24,9,7,0,6,4
"1874",0,1,"win","Parramatta","Manly Warringah",22,12,2015-08-22,"8","2014",0,6,7,12,5,8
"1875",0,1,"win","Brisbane","Newcastle",48,6,2015-08-23,"8","2014",14,5,6,0,6,6
"1876",0.999,0.001,"loose","South Sydney","North Queensland",10,22,2015-08-23,"8","2014",0,5,9,16,4,7
"1877",0.996,0.004,"loose","Cronulla","Canberra",12,22,2015-08-24,"8","2014",6,7,7,0,8,7
"1878",0,1,"win","St George Illawarra","Gold Coast Titans",34,6,2015-08-24,"8","2014",16,7,5,0,9,7
"1879",1,0,"loose","Warriors","Sydney",12,46,2015-08-24,"8","2014",6,7,11,16,5,4
"1880",1,0,"loose","Penrith","Melbourne",10,24,2015-08-25,"8","2014",6,3,10,10,9,8
"1881",0.998,0.002,"loose","Canterbury","South Sydney",14,21,2015-08-28,"8","2014",12,6,6,6,3,10
"1882",0,1,"win","Brisbane","St George Illawarra",30,22,2015-08-29,"8","2014",24,4,5,4,5,9
"1883",0,1,"win","Canberra","Wests Tigers",27,12,2015-08-30,"8","2014",12,14,8,0,4,5
"1884",0,1,"win","Newcastle","Parramatta",42,12,2015-08-30,"8","2014",8,11,3,12,5,5
"1885",0,1,"win","Sydney","Melbourne",24,12,2015-08-30,"8","2014",6,4,5,6,8,5
"1886",0.365,0.635,"win","Manly Warringah","Penrith",26,25,2015-08-31,"8","2014",6,8,10,16,3,9
"1887",0,1,"win","Warriors","Gold Coast Titans",42,0,2015-08-31,"8","2014",30,8,9,0,3,6
"1888",0.416,0.584,"win","North Queensland","Cronulla",20,19,2015-09-01,"9","2014",12,5,7,12,5,8
"1889",0,1,"win","Sydney","South Sydney",22,18,2015-09-04,"9","2014",8,4,5,2,7,7
"1890",0.001,0.999,"win","Melbourne","Brisbane",22,12,2015-09-05,"9","2014",12,8,5,10,6,7
"1891",0.002,0.998,"win","Canberra","Parramatta",33,20,2015-09-06,"9","2014",20,5,2,6,6,4
"1892",0,1,"win","North Queensland","Manly Warringah",30,16,2015-09-06,"9","2014",18,3,8,4,6,6
"1893",0,1,"win","Wests Tigers","Cronulla",26,10,2015-09-06,"9","2014",4,8,6,10,6,7
"1894",0.003,0.997,"win","Gold Coast Titans","Canterbury",19,18,2015-09-07,"9","2014",0,5,7,18,6,5
"1895",0,1,"win","Newcastle","St George Illawarra",40,10,2015-09-07,"9","2014",24,5,6,4,4,6
"1896",0.001,0.999,"win","Penrith","Warriors",22,6,2015-09-07,"9","2014",16,12,5,0,7,4
"1897",0.999,0.001,"loose","Brisbane","South Sydney",6,36,2015-03-05,"3","2015",2,6,10,10,7,11
"1898",0,1,"win","Parramatta","Manly Warringah",42,12,2015-03-06,"3","2015",16,1,7,12,9,9
"1899",0.978,0.022,"loose","Gold Coast Titans","Wests Tigers",18,19,2015-03-07,"3","2015",12,5,10,6,9,8
"1900",0,1,"win","Newcastle","Warriors",24,14,2015-03-07,"3","2015",6,8,8,14,7,10
"1901",1,0,"loose","North Queensland","Sydney",4,28,2015-03-07,"3","2015",0,10,10,22,9,2
"1902",0.989,0.011,"loose","Cronulla","Canberra",20,24,2015-03-08,"3","2015",6,5,9,14,7,6
"1903",0,1,"win","Penrith","Canterbury",24,18,2015-03-08,"3","2015",14,7,9,0,6,9
"1904",0.935,0.065,"loose","St George Illawarra","Melbourne",4,12,2015-03-09,"3","2015",0,6,9,6,8,7
"1905",0,1,"win","Canterbury","Parramatta",32,12,2015-03-13,"3","2015",8,9,9,4,7,4
"1906",0.886,0.114,"loose","Cronulla","Brisbane",2,10,2015-03-13,"3","2015",2,14,11,0,4,6
"1907",0.001,0.999,"win","Manly Warringah","Melbourne",24,22,2015-03-14,"3","2015",24,4,8,6,4,8
"1908",0.985,0.015,"loose","North Queensland","Newcastle",14,16,2015-03-14,"3","2015",14,10,10,4,6,6
"1909",0,1,"win","Penrith","Gold Coast Titans",40,0,2015-03-14,"3","2015",8,8,11,0,11,7
"1910",0.983,0.017,"loose","Canberra","Warriors",6,18,2015-03-15,"3","2015",6,9,6,6,5,4
"1911",0.021,0.979,"win","South Sydney","Sydney",34,26,2015-03-15,"3","2015",12,2,4,16,4,4
"1912",0,1,"win","Wests Tigers","St George Illawarra",22,4,2015-03-16,"3","2015",20,6,8,4,6,10
"1913",0.001,0.999,"win","Brisbane","North Queensland",44,22,2015-03-20,"3","2015",32,3,6,6,6,3
"1914",0.976,0.024,"loose","Manly Warringah","Canterbury",12,16,2015-03-20,"3","2015",4,5,5,10,7,5
"1915",0.994,0.006,"loose","Canberra","St George Illawarra",20,22,2015-03-21,"3","2015",18,3,7,8,2,10
"1916",0,1,"win","Melbourne","Cronulla",36,18,2015-03-21,"3","2015",18,4,7,6,3,13
"1917",0,1,"win","Warriors","Parramatta",29,16,2015-03-21,"3","2015",22,6,8,0,6,6
"1918",0.977,0.023,"loose","Gold Coast Titans","Newcastle",18,20,2015-03-22,"3","2015",6,9,8,14,6,7
"1919",0,1,"win","South Sydney","Wests Tigers",20,6,2015-03-22,"3","2015",10,13,6,6,7,9
"1920",0,1,"win","Sydney","Penrith",20,12,2015-03-23,"3","2015",8,10,5,6,5,8
"1921",0,1,"win","Parramatta","South Sydney",29,16,2015-03-27,"3","2015",14,7,9,12,6,7
"1922",0.869,0.131,"loose","Wests Tigers","Canterbury",24,25,2015-03-27,"3","2015",6,6,8,6,4,9
"1923",0.969,0.031,"loose","Cronulla","Gold Coast Titans",22,24,2015-03-28,"3","2015",14,5,10,6,3,6
"1924",0,1,"win","Newcastle","Penrith",26,14,2015-03-28,"3","2015",18,3,11,4,8,5
"1925",0.029,0.971,"win","St George Illawarra","Manly Warringah",12,4,2015-03-28,"3","2015",10,3,8,0,7,4
"1926",0,1,"win","Sydney","Canberra",34,6,2015-03-29,"3","2015",18,6,6,6,10,7
"1927",1,0,"loose","Warriors","Brisbane",16,24,2015-03-29,"3","2015",0,3,5,16,12,5
"1928",0.069,0.931,"win","North Queensland","Melbourne",18,17,2015-03-30,"3","2015",4,7,5,16,4,3
"1929",0.17,0.83,"loose","Canterbury","South Sydney",17,18,2015-04-03,"4","2015",10,1,7,8,5,7
"1930",1,0,"loose","Gold Coast Titans","Brisbane",16,26,2015-04-03,"4","2015",6,8,7,18,7,7
"1931",1,0,"loose","Manly Warringah","Canberra",16,29,2015-04-04,"4","2015",4,6,7,23,3,3
"1932",0.916,0.084,"loose","Newcastle","St George Illawarra",0,13,2015-04-04,"4","2015",0,7,8,6,9,4
"1934",0,1,"win","Melbourne","Warriors",30,14,2015-04-06,"4","2015",12,12,3,4,4,7
"1935",1,0,"loose","Parramatta","Wests Tigers",6,22,2015-04-06,"4","2015",6,4,6,4,7,5
"1936",1,0,"loose","Penrith","North Queensland",10,30,2015-04-06,"4","2015",6,4,9,16,2,5
"1937",0,1,"win","Brisbane","Sydney",22,18,2015-04-10,"4","2015",10,6,9,12,6,5
"1938",0,1,"win","Cronulla","Newcastle",22,6,2015-04-10,"4","2015",12,10,4,2,6,6
"1939",0.997,0.003,"loose","Parramatta","Gold Coast Titans",16,38,2015-04-11,"4","2015",16,8,8,12,5,8
"1940",0,1,"win","Penrith","Manly Warringah",22,12,2015-04-11,"4","2015",6,5,8,8,10,6
"1941",0.001,0.999,"win","Warriors","Wests Tigers",32,22,2015-04-11,"4","2015",20,5,10,12,6,5
"1942",0.937,0.063,"loose","Canberra","Melbourne",10,14,2015-04-12,"4","2015",10,6,6,2,4,5
"1943",0,1,"win","St George Illawarra","Canterbury",31,6,2015-04-12,"4","2015",18,4,4,0,8,4
"1944",0.999,0.001,"loose","South Sydney","North Queensland",12,30,2015-04-13,"4","2015",12,2,10,4,1,8
"1945",0,1,"win","Canterbury","Manly Warringah",28,16,2015-04-17,"4","2015",10,9,7,8,4,6
"1946",0.11,0.89,"win","St George Illawarra","Brisbane",12,10,2015-04-17,"4","2015",6,7,5,4,7,4
"1947",0,1,"win","Gold Coast Titans","Penrith",32,6,2015-04-18,"4","2015",10,4,8,6,6,9
"1948",0.003,0.997,"win","Melbourne","Sydney",17,16,2015-04-18,"4","2015",10,1,9,10,5,6
"1949",0.001,0.999,"win","North Queensland","Warriors",28,24,2015-04-18,"4","2015",10,3,4,16,4,7
"1950",0.998,0.002,"loose","Newcastle","Parramatta",22,28,2015-04-19,"4","2015",12,3,8,10,5,4
"1951",0.991,0.009,"loose","Wests Tigers","Canberra",22,30,2015-04-19,"4","2015",22,7,4,12,4,7
"1952",0,1,"win","Cronulla","South Sydney",18,10,2015-04-20,"4","2015",10,6,7,4,4,2
"1953",1,0,"loose","Canterbury","Wests Tigers",14,38,2015-04-24,"4","2015",6,3,10,18,7,8
"1954",0,1,"win","Brisbane","Parramatta",28,16,2015-04-25,"4","2015",8,3,8,4,5,2
"1955",0.848,0.152,"loose","Melbourne","Manly Warringah",10,12,2015-04-25,"4","2015",10,4,10,2,6,9
"1956",0.972,0.028,"loose","Newcastle","North Queensland",24,26,2015-04-25,"4","2015",6,6,7,16,9,3
"1957",0.7,0.3,"loose","Sydney","St George Illawarra",12,14,2015-04-25,"4","2015",6,6,7,10,8,8
"1958",0.94,0.06,"loose","Warriors","Gold Coast Titans",28,32,2015-04-25,"4","2015",18,7,9,12,4,4
"1959",0.001,0.999,"win","Penrith","Cronulla",26,18,2015-04-26,"4","2015",12,9,10,18,3,11
"1960",0.996,0.004,"loose","South Sydney","Canberra",22,30,2015-04-26,"4","2015",16,6,6,4,8,9
"1961",0.053,0.947,"win","Brisbane","Penrith",8,5,2015-05-08,"5","2015",4,5,7,2,6,4
"1962",0,1,"win","Sydney","Wests Tigers",36,4,2015-05-08,"5","2015",22,4,5,0,6,5
"1963",0,1,"win","Canberra","Gold Coast Titans",56,16,2015-05-09,"5","2015",24,3,5,10,8,5
"1964",0.969,0.031,"loose","Cronulla","Warriors",16,20,2015-05-09,"5","2015",8,4,11,8,6,10
"1965",0,1,"win","North Queensland","Canterbury",23,16,2015-05-09,"5","2015",12,5,4,0,5,2
"1966",0,1,"win","Manly Warringah","Newcastle",30,10,2015-05-10,"5","2015",18,6,3,0,6,6
"1967",1,0,"loose","Parramatta","Melbourne",10,28,2015-05-10,"5","2015",10,3,6,10,7,9
"1968",0.014,0.986,"win","South Sydney","St George Illawarra",16,10,2015-05-11,"5","2015",6,6,7,10,4,6
"1969",1,0,"loose","Canterbury","Sydney",10,24,2015-05-15,"5","2015",4,7,4,10,6,6
"1970",0,1,"win","North Queensland","Brisbane",31,20,2015-05-15,"5","2015",14,5,4,12,1,3
"1971",0.907,0.093,"loose","Gold Coast Titans","Cronulla",22,23,2015-05-16,"5","2015",14,4,7,4,7,6
"1972",0,1,"win","Melbourne","South Sydney",16,12,2015-05-16,"5","2015",16,4,8,2,6,4
"1973",0.984,0.016,"loose","Parramatta","Warriors",13,17,2015-05-16,"5","2015",0,5,5,12,8,4
"1974",0.001,0.999,"win","Newcastle","Wests Tigers",22,12,2015-05-17,"5","2015",12,7,7,6,10,4
"1975",0,1,"win","St George Illawarra","Canberra",32,18,2015-05-17,"5","2015",20,3,6,12,7,5
"1976",0.716,0.284,"loose","Manly Warringah","Penrith",10,11,2015-05-18,"5","2015",10,9,6,4,3,8
"1977",0.038,0.962,"win","South Sydney","Parramatta",14,12,2015-05-22,"5","2015",4,8,5,8,6,4
"1978",0.587,0.413,"loose","Wests Tigers","North Queensland",0,8,2015-05-23,"5","2015",0,6,6,2,6,7
"1979",0.834,0.166,"loose","Canberra","Canterbury",34,41,2015-05-24,"5","2015",16,6,5,26,6,2
"1980",1,0,"loose","Newcastle","Brisbane",18,31,2015-05-25,"5","2015",18,5,5,10,7,4
"1981",0.999,0.001,"loose","Penrith","Parramatta",20,26,2015-05-29,"5","2015",0,5,7,14,5,4
"1982",1,0,"loose","Canberra","Brisbane",12,24,2015-05-30,"5","2015",12,12,5,16,2,8
"1983",0.995,0.005,"loose","Gold Coast Titans","South Sydney",16,22,2015-05-30,"5","2015",10,5,6,6,6,11
"1984",0.001,0.999,"win","North Queensland","Manly Warringah",18,14,2015-05-30,"5","2015",6,5,5,8,10,3
"1985",0,1,"win","St George Illawarra","Cronulla",42,6,2015-05-31,"5","2015",14,5,11,6,6,5
"1986",0.004,0.996,"win","Warriors","Newcastle",24,20,2015-05-31,"5","2015",14,4,5,8,6,8
"1987",0,1,"win","Sydney","Melbourne",24,2,2015-06-01,"6","2015",12,6,6,2,7,11
"1988",0.001,0.999,"win","Brisbane","Manly Warringah",44,10,2015-06-05,"6","2015",20,4,6,6,2,4
"1989",0.994,0.006,"loose","Wests Tigers","Gold Coast Titans",20,27,2015-06-05,"6","2015",2,2,8,16,4,8
"1990",0.993,0.007,"loose","Newcastle","Canberra",22,44,2015-06-06,"6","2015",10,4,7,24,4,5
"1991",1,0,"loose","Penrith","Melbourne",0,20,2015-06-06,"6","2015",0,7,7,18,13,5
"1992",0,1,"win","South Sydney","Warriors",36,4,2015-06-06,"6","2015",22,9,4,4,5,2
"1993",0.056,0.944,"win","Cronulla","Sydney",10,4,2015-06-07,"6","2015",0,10,8,4,5,7
"1994",0,1,"win","Canterbury","St George Illawarra",29,16,2015-06-08,"6","2015",10,7,2,6,6,4
"1995",0.859,0.141,"loose","Parramatta","North Queensland",30,36,2015-06-08,"6","2015",24,2,5,6,6,4
"1996",0,1,"win","Wests Tigers","South Sydney",34,6,2015-06-12,"6","2015",12,5,7,6,7,4
"1997",0.981,0.019,"loose","Warriors","Sydney",21,25,2015-06-13,"6","2015",14,5,5,6,8,5
"1998",0,1,"win","Gold Coast Titans","Canterbury",28,14,2015-06-14,"6","2015",10,7,8,10,5,7
"1999",0.975,0.025,"loose","Melbourne","Parramatta",22,26,2015-06-15,"6","2015",12,8,8,10,1,6
"2000",0.001,0.999,"win","Manly Warringah","Wests Tigers",30,20,2015-06-19,"6","2015",18,6,6,10,2,10
"2001",0.956,0.044,"loose","Canberra","North Queensland",20,21,2015-06-20,"6","2015",6,3,7,8,7,10
"2002",0,1,"win","Canterbury","Penrith",24,12,2015-06-20,"6","2015",12,6,7,6,3,8
"2003",1,0,"loose","Gold Coast Titans","Warriors",14,36,2015-06-20,"6","2015",10,4,5,6,6,6
"2005",0.926,0.074,"loose","Newcastle","Cronulla",28,30,2015-06-21,"6","2015",16,4,8,12,3,7
"2006",0.968,0.032,"loose","St George Illawarra","Sydney",14,19,2015-06-22,"6","2015",8,2,7,14,6,6
"2007",0.01,0.99,"win","Brisbane","Newcastle",44,22,2015-06-26,"6","2015",20,9,4,10,4,1
"2008",0.001,0.999,"win","South Sydney","Manly Warringah",20,8,2015-06-26,"6","2015",6,5,6,4,4,9
"2009",0.999,0.001,"loose","North Queensland","Cronulla",18,24,2015-06-27,"6","2015",18,10,6,0,5,7
"2010",0.011,0.989,"win","Parramatta","St George Illawarra",16,12,2015-06-27,"6","2015",6,6,5,8,6,10
"2011",0,1,"win","Warriors","Canberra",30,8,2015-06-27,"6","2015",14,4,9,8,5,7
"2012",0,1,"win","Sydney","Gold Coast Titans",20,10,2015-06-28,"6","2015",18,10,7,4,9,3
"2013",1,0,"loose","Wests Tigers","Penrith",12,35,2015-06-28,"6","2015",12,7,6,10,5,7
"2014",0,1,"win","Canterbury","Melbourne",20,4,2015-06-29,"6","2015",16,5,4,0,8,6
"2015",0.007,0.993,"win","Penrith","South Sydney",20,6,2015-07-03,"7","2015",8,1,11,0,8,8
"2016",0.971,0.029,"loose","St George Illawarra","North Queensland",12,18,2015-07-04,"7","2015",6,2,5,12,5,3
"2017",0,1,"win","Manly Warringah","Cronulla",28,16,2015-07-05,"7","2015",10,10,5,4,2,11
"2018",1,0,"loose","Wests Tigers","Parramatta",16,28,2015-07-06,"7","2015",16,8,4,12,4,12
"2019",0,1,"win","Canberra","Newcastle",36,22,2015-07-10,"7","2015",24,6,5,4,4,7
"2020",0.986,0.014,"loose","Canterbury","Brisbane",8,16,2015-07-11,"7","2015",4,5,4,10,6,6
"2021",1,0,"loose","Penrith","Sydney",4,24,2015-07-11,"7","2015",0,9,6,6,7,7
"2022",0,1,"win","Cronulla","St George Illawarra",28,8,2015-07-12,"7","2015",16,5,4,4,4,8
"2023",0,1,"win","Warriors","Melbourne",28,14,2015-07-12,"7","2015",16,7,6,0,10,5
"2024",1,0,"loose","Gold Coast Titans","Manly Warringah",6,38,2015-07-13,"7","2015",0,4,8,20,5,6
"2025",0,1,"win","Melbourne","Penrith",52,10,2015-07-17,"7","2015",26,5,5,0,4,5
"2026",1,0,"loose","Parramatta","Canterbury",4,28,2015-07-17,"7","2015",4,5,7,6,8,6
"2027",0.957,0.043,"loose","Canberra","Cronulla",20,21,2015-07-18,"7","2015",4,6,8,12,8,10
"2028",0,1,"win","Newcastle","Gold Coast Titans",30,2,2015-07-18,"7","2015",20,5,7,2,6,9
"2029",0.999,0.001,"loose","St George Illawarra","South Sydney",8,24,2015-07-18,"7","2015",4,6,5,8,4,7
"2030",0,1,"win","Brisbane","Wests Tigers",42,16,2015-07-19,"7","2015",26,3,7,0,6,3
"2031",0,1,"win","Sydney","Warriors",24,0,2015-07-19,"7","2015",18,10,6,0,6,4
"2032",1,0,"loose","Manly Warringah","North Queensland",12,30,2015-07-20,"7","2015",6,4,5,20,6,7
"2033",0,1,"win","Brisbane","Gold Coast Titans",34,0,2015-07-24,"7","2015",18,2,7,0,8,6
"2034",1,0,"loose","Wests Tigers","Sydney",8,33,2015-07-24,"7","2015",4,6,5,8,9,12
"2035",0,1,"win","Melbourne","St George Illawarra",22,4,2015-07-25,"7","2015",12,7,5,0,8,8
"2036",0,1,"win","South Sydney","Newcastle",52,6,2015-07-25,"7","2015",36,7,7,6,1,3
"2037",1,0,"loose","Warriors","Manly Warringah",12,32,2015-07-25,"7","2015",6,2,10,6,3,8
"2038",0.985,0.015,"loose","Canterbury","Cronulla",16,18,2015-07-26,"7","2015",4,11,6,6,11,13
"2039",0.976,0.024,"loose","Penrith","Canberra",24,34,2015-07-26,"7","2015",18,3,4,18,6,5
"2040",0,1,"win","North Queensland","Parramatta",46,4,2015-07-27,"7","2015",10,3,6,4,8,3
"2041",0,1,"win","Sydney","Canterbury",38,28,2015-07-31,"7","2015",22,3,2,16,6,7
"2042",0,1,"win","Wests Tigers","Melbourne",34,16,2015-07-31,"7","2015",18,6,8,10,4,5
"2043",0,1,"win","Manly Warringah","Brisbane",44,14,2015-08-01,"8","2015",20,4,4,0,8,4
"2044",0.001,0.999,"win","North Queensland","Canberra",32,24,2015-08-01,"8","2015",4,4,8,18,5,7
"2045",0.99,0.01,"loose","Warriors","Cronulla",14,18,2015-08-01,"8","2015",10,7,6,0,4,3
"2046",0,1,"win","St George Illawarra","Newcastle",46,24,2015-08-02,"8","2015",14,6,8,20,3,7
"2047",0.001,0.999,"win","South Sydney","Penrith",20,16,2015-08-02,"8","2015",12,6,9,12,2,6
"2048",0,1,"win","Gold Coast Titans","Parramatta",24,14,2015-08-03,"8","2015",6,7,8,10,6,7
"2049",0.986,0.014,"loose","Brisbane","Canterbury",16,18,2015-08-07,"8","2015",10,9,6,6,6,4
"2050",0,1,"win","Manly Warringah","South Sydney",28,8,2015-08-07,"8","2015",14,5,10,2,9,8
"2051",0,1,"win","Cronulla","North Queensland",30,18,2015-08-08,"8","2015",14,3,8,0,4,6
"2052",0.083,0.917,"win","Parramatta","Penrith",10,4,2015-08-08,"8","2015",0,12,6,4,9,10
"2053",1,0,"loose","Warriors","St George Illawarra",0,36,2015-08-08,"8","2015",0,5,7,10,6,6
"2054",0,1,"win","Melbourne","Gold Coast Titans",36,14,2015-08-09,"8","2015",6,6,8,8,7,5
"2055",0.994,0.006,"loose","Newcastle","Sydney",22,38,2015-08-09,"8","2015",0,5,9,26,5,7
"2056",0.989,0.011,"loose","Canberra","Wests Tigers",18,20,2015-08-10,"8","2015",12,5,9,4,6,8
"2057",0.999,0.001,"loose","North Queensland","South Sydney",18,31,2015-08-13,"8","2015",12,3,10,13,4,8
"2058",0,1,"win","Brisbane","St George Illawarra",32,6,2015-08-14,"8","2015",16,4,4,0,5,6
"2059",0,1,"win","Penrith","Warriors",24,10,2015-08-15,"8","2015",20,5,7,10,4,7
"2060",0.001,0.999,"win","Sydney","Parramatta",28,18,2015-08-15,"8","2015",4,6,10,18,7,5
"2061",0.999,0.001,"loose","Wests Tigers","Newcastle",18,24,2015-08-15,"8","2015",16,9,7,12,6,8
"2062",0.962,0.038,"loose","Canberra","Manly Warringah",24,26,2015-08-16,"8","2015",8,7,9,16,4,9
"2063",0,1,"win","Canterbury","Gold Coast Titans",36,14,2015-08-16,"8","2015",12,8,5,4,5,4
"2064",0.996,0.004,"loose","Cronulla","Melbourne",2,30,2015-08-17,"8","2015",2,6,5,12,3,6
"2065",0,1,"win","St George Illawarra","Penrith",19,12,2015-08-20,"8","2015",10,5,7,10,7,9
"2066",1,0,"loose","South Sydney","Canterbury",18,32,2015-08-21,"8","2015",0,6,7,22,5,4
"2067",0,1,"win","Cronulla","Wests Tigers",40,18,2015-08-22,"8","2015",20,6,6,6,3,4
"2068",0.103,0.897,"win","Sydney","Brisbane",12,10,2015-08-22,"8","2015",8,9,5,0,3,4
"2069",1,0,"loose","Warriors","North Queensland",16,50,2015-08-22,"8","2015",16,2,8,24,3,11
"2070",0,1,"win","Gold Coast Titans","Canberra",28,12,2015-08-23,"8","2015",14,6,8,12,11,8
"2071",0.991,0.009,"loose","Manly Warringah","Parramatta",16,20,2015-08-23,"8","2015",10,9,6,14,8,3
"2072",1,0,"loose","Melbourne","Newcastle",6,20,2015-08-24,"8","2015",6,7,7,18,7,7
"2073",0.999,0.001,"loose","South Sydney","Brisbane",12,47,2015-08-27,"8","2015",6,9,6,22,2,4
"2074",0.999,0.001,"loose","Manly Warringah","Sydney",10,46,2015-08-28,"8","2015",6,6,5,16,2,7
"2075",0.021,0.979,"win","Melbourne","North Queensland",14,6,2015-08-29,"8","2015",8,4,7,0,5,5
"2076",0.986,0.014,"loose","Newcastle","Canterbury",18,20,2015-08-29,"8","2015",6,2,7,14,6,4
"2077",0.909,0.091,"loose","Parramatta","Cronulla",28,35,2015-08-29,"8","2015",10,3,4,20,1,6
"2078",0.396,0.604,"win","Gold Coast Titans","St George Illawarra",28,26,2015-08-30,"8","2015",12,6,5,20,5,8
"2079",0,1,"win","Wests Tigers","Warriors",50,16,2015-08-30,"8","2015",18,6,8,6,4,6
"2080",0,1,"win","Canberra","Penrith",34,18,2015-08-31,"8","2015",22,6,5,6,4,5
"2081",0.973,0.027,"loose","Brisbane","Melbourne",8,15,2015-09-03,"9","2015",4,9,8,8,4,2
"2082",0,1,"win","Sydney","South Sydney",30,0,2015-09-04,"9","2015",30,4,9,0,5,10
"2083",0,1,"win","North Queensland","Gold Coast Titans",42,12,2015-09-05,"9","2015",16,2,9,12,4,10
"2084",0,1,"win","Penrith","Newcastle",30,12,2015-09-05,"9","2015",8,2,13,12,6,8
"2085",0.066,0.934,"win","St George Illawarra","Wests Tigers",32,30,2015-09-05,"9","2015",20,5,9,8,5,8
"2086",0.021,0.979,"win","Canterbury","Warriors",26,22,2015-09-06,"9","2015",8,11,7,6,4,4
"2087",0.772,0.228,"loose","Cronulla","Manly Warringah",12,14,2015-09-06,"9","2015",8,9,8,10,7,7
"2088",0.963,0.037,"loose","Parramatta","Canberra",24,28,2015-09-06,"9","2015",6,9,6,6,5,6
